frame,tracker_id,meas_x,meas_y,meas_w,meas_h,smooth_x,smooth_y,smooth_w,smooth_h,ok,reinit_attempted,reinit_success,reinit_failed
0,1,564.0,469.0,173.0,60.0,0.0,0.0,0.0,0.0,True,False,False,False
0,2,758.0,459.0,51.0,50.0,0.0,0.0,0.0,0.0,True,False,False,False
1,1,563.0,469.0,173.0,60.0,51.18181610107422,42.63635969161987,15.727272033691406,5.454545021057129,True,False,False,False
1,2,757.0,458.0,51.0,50.0,68.81817841529846,41.63636088371277,4.636363506317139,4.545454502105713,True,False,False,False
2,1,562.0,469.0,176.0,61.0,217.28655242919922,175.7044153213501,41.41984558105469,14.35877799987793,True,False,False,False
2,2,757.0,459.0,52.0,51.0,280.58621072769165,171.33127069473267,12.22900676727295,11.992365837097168,True,False,False,False
3,1,563.0,469.0,173.0,60.0,481.3044204711914,384.2604675292969,68.59660339355469,23.78558349609375,True,False,False,False
3,2,754.0,458.0,50.0,49.0,609.1757764816284,373.56427478790283,20.030282974243164,19.635976791381836,True,False,False,False
4,1,561.0,469.0,176.0,61.0,676.2827796936035,539.9919414520264,93.79564666748047,32.516849517822266,True,False,False,False
4,2,756.0,458.0,51.0,50.0,856.201096534729,524.6173143386841,27.296415328979492,26.760000228881836,True,False,False,False
5,1,561.0,469.0,176.0,61.0,747.7010154724121,599.5662040710449,114.40619659423828,39.658241271972656,True,False,False,False
5,2,756.0,458.0,51.0,50.0,952.2181015014648,582.6395168304443,33.23945617675781,32.58681106567383,True,False,False,False
6,1,562.0,470.0,173.0,60.0,742.0086364746094,599.2148857116699,129.62042236328125,44.940101623535156,True,False,False,False
6,2,757.0,447.0,52.0,51.0,954.0601673126221,573.8792190551758,38.11074447631836,37.36790466308594,True,False,False,False
7,1,562.0,471.0,169.0,59.0,703.470832824707,573.67405128479,140.03709411621094,48.65922164916992,True,False,False,False
7,2,756.0,458.0,52.0,51.0,914.1361999511719,553.2107601165771,41.78472900390625,40.9738655090332,True,False,False,False
8,1,560.0,470.0,169.0,59.0,657.87744140625,541.4846591949463,147.7742919921875,51.42167282104492,True,False,False,False
8,2,752.0,456.0,54.0,53.0,862.6453437805176,524.3372707366943,45.047935485839844,44.18654251098633,True,False,False,False
9,1,559.0,469.0,173.0,60.0,619.6743240356445,512.9878482818604,154.54856872558594,53.7253532409668,True,False,False,False
9,2,754.0,458.0,52.0,51.0,819.5673351287842,499.5232963562012,46.91489028930664,46.016273498535156,True,False,False,False
10,1,560.0,470.0,173.0,60.0,592.6672134399414,492.95956230163574,159.5175018310547,55.415103912353516,True,False,False,False
10,2,754.0,461.0,50.0,49.0,787.5837516784668,482.5523262023926,47.745704650878906,46.819786071777344,True,False,False,False
11,1,563.0,472.0,166.0,57.0,575.7115097045898,480.7842617034912,161.2658233642578,55.84254837036133,True,False,False,False
11,2,755.0,459.0,51.0,50.0,768.3108062744141,469.74194526672363,48.623382568359375,47.677486419677734,True,False,False,False
12,1,558.0,470.0,173.0,60.0,564.0386123657227,473.09599113464355,164.4330291748047,56.96469497680664,True,False,False,False
12,2,755.0,458.0,52.0,51.0,757.805305480957,461.70645332336426,49.53477478027344,48.574275970458984,True,False,False,False
13,1,562.0,472.0,166.0,57.0,559.6010360717773,470.1513442993164,164.8561553955078,56.97422790527344,True,False,False,False
13,2,752.0,457.0,53.0,52.0,750.8150539398193,457.13846588134766,50.47047805786133,49.49931335449219,True,False,False,False
14,1,556.0,470.0,173.0,60.0,555.3697357177734,468.49303817749023,167.05569458007812,57.79145050048828,True,False,False,False
14,2,754.0,460.0,51.0,50.0,749.2784576416016,457.1342067718506,50.613494873046875,49.63454055786133,True,False,False,False
15,1,555.0,470.0,176.0,61.0,553.9723281860352,468.4605712890625,169.4717254638672,58.65814208984375,True,False,False,False
15,2,753.0,458.0,51.0,50.0,748.8341674804688,456.1706943511963,50.7178955078125,49.73325729370117,True,False,False,False
16,1,553.0,469.0,180.0,62.0,553.3518676757812,468.3432369232178,172.3157958984375,59.5609016418457,True,False,False,False
16,2,753.0,458.0,52.0,51.0,749.7719573974609,456.4088382720947,51.064239501953125,50.0754508972168,True,False,False,False
17,1,553.0,470.0,180.0,62.0,553.3690567016602,469.3236255645752,174.3916473388672,60.21981430053711,True,False,False,False
17,2,755.0,456.0,50.0,49.0,751.927059173584,454.7979373931885,50.77674102783203,49.7849235534668,True,False,False,False
18,1,553.0,470.0,180.0,62.0,553.556755065918,469.9574947357178,175.90675354003906,60.70073318481445,True,False,False,False
18,2,754.0,455.0,48.0,47.0,752.134952545166,453.03248023986816,50.02660369873047,49.03257369995117,True,False,False,False
19,1,549.0,468.0,187.0,65.0,552.3713073730469,469.49602699279785,178.90362548828125,61.8621940612793,True,False,False,False
19,2,754.0,456.0,48.0,47.0,752.5131912231445,453.38244247436523,49.47911071777344,48.48346710205078,True,False,False,False
20,1,552.0,470.0,180.0,62.0,552.1024856567383,469.93447494506836,179.19981384277344,61.89942169189453,True,False,False,False
20,2,754.0,457.0,48.0,47.0,752.9104957580566,454.783447265625,49.07952117919922,48.08270263671875,True,False,False,False
21,1,551.0,470.0,180.0,62.0,551.2211456298828,470.13747215270996,179.41598510742188,61.92659378051758,True,False,False,False
21,2,754.0,457.0,48.0,47.0,753.2525424957275,455.78028297424316,48.78788375854492,47.79020309448242,True,False,False,False
22,1,545.0,468.0,191.0,66.0,548.9529724121094,469.6579246520996,182.54547119140625,63.02704620361328,True,False,False,False
22,2,754.0,458.0,49.0,48.0,753.7710704803467,457.45543479919434,48.84518814086914,47.84688186645508,True,False,False,False
23,1,549.0,470.0,183.0,63.0,548.6511611938477,470.04792976379395,182.6682586669922,63.01974105834961,True,False,False,False
23,2,753.0,458.0,49.0,48.0,753.2604122161865,458.28100395202637,48.88701248168945,47.888248443603516,True,False,False,False
24,1,549.0,470.0,183.0,63.0,548.6106262207031,470.2017192840576,182.75787353515625,63.014408111572266,True,False,False,False
24,2,754.0,460.0,48.0,47.0,753.5235385894775,459.8870105743408,48.64738082885742,47.64828109741211,True,False,False,False
25,1,548.0,469.0,183.0,63.0,547.9010391235352,469.4409999847412,182.8232879638672,63.01051712036133,True,False,False,False
25,2,754.0,457.0,50.0,49.0,754.2161350250244,458.72093391418457,49.01279830932617,48.01345443725586,True,False,False,False
26,1,547.0,470.0,183.0,63.0,546.8465881347656,469.81250762939453,182.87103271484375,63.00767517089844,True,False,False,False
26,2,753.0,457.0,50.0,49.0,753.7254867553711,457.9206199645996,49.27949523925781,48.27997589111328,True,False,False,False
27,1,548.0,470.0,183.0,63.0,547.2226638793945,470.0074234008789,182.90586853027344,63.00559997558594,True,False,False,False
27,2,752.0,457.0,52.0,51.0,753.1322364807129,457.9401664733887,50.01445770263672,49.014808654785156,True,False,False,False
28,1,549.0,471.0,180.0,62.0,547.5587844848633,470.6146926879883,182.12083435058594,62.73393249511719,True,False,False,False
28,2,752.0,458.0,52.0,51.0,752.7401924133301,458.62952995300293,50.550865173339844,49.55112075805664,True,False,False,False
29,1,548.0,471.0,180.0,62.0,547.1161346435547,470.916467666626,181.54788208007812,62.5356559753418,True,False,False,False
29,2,754.0,458.0,50.0,49.0,753.5426902770996,458.3438968658447,50.40204620361328,49.4022331237793,True,False,False,False
30,1,546.0,470.0,183.0,63.0,546.2431640625,470.50965881347656,181.940185546875,62.661102294921875,True,False,False,False
30,2,755.0,458.0,48.0,47.0,754.2269554138184,457.6210231781006,49.75312042236328,48.75325393676758,True,False,False,False
31,1,548.0,471.0,180.0,62.0,546.6704025268555,470.77565574645996,181.41603088378906,62.48250198364258,True,False,False,False
31,2,750.0,463.0,46.0,45.0,750.1633014678955,460.71803283691406,48.739192962646484,47.739288330078125,True,False,False,False
32,1,549.0,472.0,176.0,61.0,546.8158111572266,471.43877029418945,179.95285034179688,62.081993103027344,True,False,False,False
32,2,750.0,464.0,45.0,44.0,748.0334968566895,462.8949432373047,47.729026794433594,46.729095458984375,True,False,False,False
33,1,549.0,472.0,176.0,61.0,547.1451034545898,471.7843265533447,178.8849639892578,61.7896842956543,True,False,False,False
33,2,750.0,463.0,44.0,44.0,747.1575679779053,463.13205337524414,46.72160720825195,45.99181365966797,True,False,False,False
34,1,549.0,472.0,176.0,61.0,547.5331497192383,471.93832778930664,178.10557556152344,61.57634735107422,True,False,False,False
34,2,750.0,461.0,44.0,44.0,747.2474880218506,461.5468864440918,45.98634719848633,45.453712463378906,True,False,False,False
35,1,549.0,472.0,176.0,61.0,547.9019775390625,471.9896297454834,177.5367431640625,61.4206428527832,True,False,False,False
35,2,750.0,463.0,44.0,44.0,747.7600021362305,462.266414642334,45.44972229003906,45.06098175048828,True,False,False,False
36,1,550.0,473.0,173.0,60.0,548.2262802124023,472.52100563049316,176.3111114501953,61.03684616088867,True,False,False,False
36,2,750.0,464.0,44.0,43.0,748.3700122833252,463.19901275634766,45.05807113647461,44.50419616699219,True,False,False,False
37,1,548.0,472.0,176.0,61.0,547.779167175293,472.2693290710449,176.22706604003906,61.026893615722656,True,False,False,False
37,2,751.0,464.0,43.0,42.0,749.4406147003174,463.43153190612793,44.502071380615234,43.82767105102539,True,False,False,False
38,1,548.0,472.0,176.0,61.0,547.6255111694336,472.10661125183105,176.1657257080078,61.01962661743164,True,False,False,False
38,2,752.0,465.0,43.0,42.0,750.9275074005127,464.346378326416,44.09627914428711,43.33391571044922,True,False,False,False
39,1,547.0,472.0,176.0,61.0,546.8465042114258,472.0151767730713,176.12095642089844,61.01432418823242,True,False,False,False
39,2,751.0,464.0,43.0,42.0,750.9414348602295,464.0221061706543,43.800113677978516,42.973548889160156,True,False,False,False
40,1,549.0,473.0,173.0,60.0,547.3408279418945,472.499662399292,175.27781677246094,60.740299224853516,True,False,False,False
40,2,751.0,464.0,43.0,42.0,750.9227428436279,463.83629035949707,43.58395767211914,42.71053695678711,True,False,False,False
41,1,547.0,472.0,176.0,61.0,546.989128112793,472.2461681365967,175.47291564941406,60.81045913696289,True,False,False,False
41,2,749.0,463.0,44.0,44.0,749.5937175750732,463.48889350891113,43.696353912353516,43.058895111083984,True,False,False,False
42,1,547.0,473.0,176.0,61.0,546.8670272827148,472.88084411621094,175.6153106689453,60.861663818359375,True,False,False,False
42,2,749.0,462.0,45.0,44.0,749.1816005706787,462.5013885498047,44.04854202270508,43.313140869140625,True,False,False,False
43,1,547.0,473.0,176.0,61.0,546.8604125976562,473.17938804626465,175.71923828125,60.8990364074707,True,False,False,False
43,2,749.0,462.0,46.0,45.0,749.2706623077393,462.26989936828613,44.575740814208984,43.768856048583984,True,False,False,False
44,1,547.0,473.0,176.0,61.0,546.8991470336914,473.2731113433838,175.7950897216797,60.92631149291992,True,False,False,False
44,2,747.0,465.0,46.0,45.0,747.750638961792,464.52364349365234,44.960514068603516,44.10145568847656,True,False,False,False
45,1,547.0,473.0,176.0,61.0,546.9455642700195,473.2599220275879,175.85044860839844,60.94622039794922,True,False,False,False
45,2,748.0,465.0,45.0,44.0,747.5295467376709,465.35662269592285,44.9711799621582,44.07404708862305,True,False,False,False
46,1,546.0,473.0,176.0,61.0,546.1996536254883,473.20340156555176,175.89085388183594,60.960750579833984,True,False,False,False
46,2,748.0,465.0,45.0,44.0,747.5342597961426,465.63142585754395,44.978965759277344,44.05404281616211,True,False,False,False
47,1,548.0,473.0,173.0,60.0,546.6459274291992,472.88289070129395,175.10987854003906,60.70119857788086,True,False,False,False
47,2,748.0,464.0,44.0,44.0,747.3761520385742,464.83165740966797,44.71449279785156,44.03944396972656,True,False,False,False
48,1,546.0,472.0,176.0,61.0,546.218864440918,472.212890625,175.35035705566406,60.78192138671875,True,False,False,False
48,2,746.0,464.0,44.0,44.0,745.8378982543945,464.32163429260254,44.52146911621094,44.02878952026367,True,False,False,False
49,1,546.0,474.0,173.0,60.0,545.2534484863281,473.2068176269531,174.71539306640625,60.5706787109375,True,False,False,False
49,2,745.0,465.0,44.0,44.0,744.4149284362793,464.82262420654297,44.380592346191406,44.02101135253906,True,False,False,False
50,1,545.0,474.0,173.0,60.0,544.137565612793,473.7629680633545,174.25196838378906,60.416507720947266,True,False,False,False
50,2,745.0,464.0,44.0,44.0,743.9173259735107,464.2859115600586,44.277774810791016,44.01533508300781,True,False,False,False
51,1,544.0,474.0,173.0,60.0,543.0032119750977,474.02723693847656,173.9137420654297,60.303985595703125,True,False,False,False
51,2,743.0,463.0,45.0,44.0,742.6068172454834,463.2165412902832,44.4728889465332,44.011192321777344,True,False,False,False
52,1,544.0,475.0,169.0,59.0,541.6609115600586,474.6460952758789,172.5862579345703,59.95170593261719,True,False,False,False
52,2,740.0,464.0,46.0,45.0,740.064905166626,463.760648727417,44.88544845581055,44.278324127197266,True,False,False,False
53,1,542.0,474.0,169.0,59.0,539.8441314697266,474.1528549194336,171.61740112304688,59.69459533691406,True,False,False,False
53,2,738.0,464.0,46.0,45.0,737.4630603790283,464.07231521606445,45.18655014038086,44.473289489746094,True,False,False,False
54,1,540.0,474.0,169.0,59.0,537.8337936401367,473.8815975189209,170.91029357910156,59.5069465637207,True,False,False,False
54,2,735.0,468.0,46.0,45.0,734.1622638702393,467.3471145629883,45.406307220458984,44.61558532714844,True,False,False,False
55,1,539.0,475.0,169.0,59.0,536.5597915649414,474.551851272583,170.3942108154297,59.369991302490234,True,False,False,False
55,2,735.0,468.0,46.0,45.0,732.9689712524414,468.88033294677734,45.56669616699219,44.71943664550781,True,False,False,False
56,1,538.0,475.0,169.0,59.0,535.6763381958008,474.90975189208984,170.01756286621094,59.27003479003906,True,False,False,False
56,2,729.0,466.0,47.0,46.0,728.4581031799316,468.0487880706787,45.95391082763672,45.06538772583008,True,False,False,False
57,1,536.0,474.0,169.0,59.0,534.167366027832,474.2834167480469,169.74266052246094,59.19708251953125,True,False,False,False
57,2,727.0,465.0,47.0,46.0,725.1471214294434,466.5363426208496,46.23651885986328,45.31787872314453,True,False,False,False
58,1,537.0,474.0,169.0,59.0,534.6567840576172,473.9519443511963,169.54202270507812,59.14384078979492,True,False,False,False
58,2,727.0,464.0,47.0,46.0,724.1657562255859,464.83037185668945,46.442779541015625,45.502159118652344,True,False,False,False
59,1,536.0,475.0,169.0,59.0,534.5362091064453,474.59893798828125,169.39559936523438,59.10498046875,True,False,False,False
59,2,726.0,464.0,48.0,47.0,723.8325462341309,464.2195682525635,46.86347198486328,45.90681076049805,True,False,False,False
60,1,535.0,475.0,169.0,59.0,533.9843597412109,474.94945335388184,169.28872680664062,59.07661819458008,True,False,False,False
60,2,725.0,462.0,49.0,48.0,723.6622333526611,462.65639877319336,47.440670013427734,46.47229766845703,True,False,False,False
61,1,534.0,475.0,169.0,59.0,533.1634979248047,475.104211807251,169.21072387695312,59.0559196472168,True,False,False,False
61,2,726.0,463.0,49.0,48.0,724.719913482666,462.71545028686523,47.86193084716797,46.88501739501953,True,False,False,False
62,1,535.0,475.0,166.0,57.0,532.9928283691406,474.6321964263916,168.34332275390625,58.5004997253418,True,False,False,False
62,2,726.0,463.0,50.0,49.0,725.7377471923828,463.10645866394043,48.439544677734375,47.45639419555664,True,False,False,False
63,1,535.0,475.0,166.0,57.0,533.2259826660156,474.4400444030762,167.71026611328125,58.095130920410156,True,False,False,False
63,2,726.0,462.0,50.0,49.0,726.2922840118408,462.53653144836426,48.86111068725586,47.873409271240234,True,False,False,False
64,1,536.0,475.0,166.0,57.0,534.3941345214844,474.42394065856934,167.24822998046875,57.79927444458008,True,False,False,False
64,2,727.0,462.0,50.0,49.0,727.3017749786377,462.2373809814453,49.16878890991211,48.177764892578125,True,False,False,False
65,1,535.0,475.0,166.0,57.0,534.3761596679688,474.49891471862793,166.9110107421875,57.58334732055664,True,False,False,False
65,2,726.0,462.0,50.0,49.0,726.9201488494873,462.10000801086426,49.39334487915039,48.399898529052734,True,False,False,False
66,1,535.0,475.0,166.0,57.0,534.4550857543945,474.60682678222656,166.66490173339844,57.425750732421875,True,False,False,False
66,2,726.0,462.0,49.0,48.0,726.3412017822266,461.7922706604004,49.287078857421875,48.29186248779297,True,False,False,False
67,1,532.0,475.0,169.0,59.0,532.9893951416016,475.22703552246094,167.29574584960938,57.851043701171875,True,False,False,False
67,2,731.0,462.0,49.0,48.0,729.931432723999,461.6917724609375,49.20952224731445,48.2130126953125,True,False,False,False
68,1,532.0,475.0,169.0,59.0,532.2457580566406,475.494535446167,167.75616455078125,58.161441802978516,True,False,False,False
68,2,727.0,460.0,49.0,48.0,728.521806716919,460.13589096069336,49.15291976928711,48.15546417236328,True,False,False,False
69,1,533.0,476.0,166.0,57.0,531.9518508911133,475.81429290771484,167.28172302246094,57.84767150878906,True,False,False,False
69,2,726.0,460.0,49.0,48.0,726.8240184783936,459.4444885253906,49.11160659790039,48.11346435546875,True,False,False,False
70,1,532.0,476.0,169.0,59.0,531.9711532592773,476.46195220947266,167.7459259033203,58.15898132324219,True,False,False,False
70,2,725.0,460.0,49.0,48.0,725.1499462127686,459.26172637939453,49.08145523071289,48.08280944824219,True,False,False,False
71,1,532.0,476.0,169.0,59.0,532.0425415039062,476.67873191833496,168.084716796875,58.38618850708008,True,False,False,False
71,2,733.0,460.0,49.0,48.0,730.6773071289062,459.332483291626,49.0594482421875,48.0604362487793,True,False,False,False
72,1,533.0,476.0,169.0,59.0,532.8892440795898,476.6588382720947,168.3319854736328,58.5520133972168,True,False,False,False
72,2,741.0,464.0,49.0,48.0,739.7517433166504,462.6307773590088,49.04338836669922,48.04410934448242,True,False,False,False
73,1,533.0,476.0,169.0,59.0,533.2997436523438,476.5355815887451,168.512451171875,58.673038482666016,True,False,False,False
73,2,741.0,464.0,49.0,48.0,743.8343868255615,464.3014392852783,49.03166580200195,48.03219223022461,True,False,False,False
74,1,533.0,476.0,169.0,59.0,533.43359375,476.38854217529297,168.6441650390625,58.76136779785156,True,False,False,False
74,2,741.0,469.0,50.0,49.0,745.2298316955566,469.117151260376,49.29326629638672,48.29365158081055,True,False,False,False
75,1,534.0,476.0,169.0,59.0,534.2007751464844,476.2576141357422,168.74029541015625,58.825836181640625,True,False,False,False
75,2,740.0,464.0,51.0,50.0,744.4551601409912,467.49606704711914,49.75435256958008,48.75463104248047,True,False,False,False
76,1,534.0,476.0,169.0,59.0,534.4950408935547,476.15739822387695,168.81045532226562,58.872886657714844,True,False,False,False
76,2,732.0,462.0,51.0,50.0,737.0019874572754,464.583948135376,50.09087371826172,49.0910758972168,True,False,False,False
77,1,535.0,476.0,169.0,59.0,535.3097686767578,476.0885925292969,168.86166381835938,58.9072265625,True,False,False,False
77,2,732.0,458.0,52.0,51.0,733.1286277770996,459.98878288269043,50.60663604736328,49.60678482055664,True,False,False,False
78,1,535.0,476.0,169.0,59.0,535.5961380004883,476.04560470581055,168.89903259277344,58.932289123535156,True,False,False,False
78,2,732.0,459.0,52.0,51.0,731.3264007568359,458.4889450073242,50.983062744140625,49.98316955566406,True,False,False,False
79,1,536.0,476.0,169.0,59.0,536.3826675415039,476.0212001800537,168.9263153076172,58.95058059692383,True,False,False,False
79,2,740.0,453.0,52.0,51.0,737.0191135406494,453.3064880371094,51.25779342651367,50.25787353515625,True,False,False,False
80,1,534.0,475.0,173.0,60.0,536.0988845825195,475.4819850921631,170.02684020996094,59.23408889770508,True,False,False,False
80,2,737.0,468.0,51.0,50.0,737.4596366882324,462.58729362487793,51.188148498535156,50.18820571899414,True,False,False,False
81,1,537.0,476.0,173.0,60.0,538.0344924926758,475.9740467071533,170.83006286621094,59.44100570678711,True,False,False,False
81,2,744.0,468.0,51.0,50.0,743.0271663665771,467.60572814941406,51.1373176574707,50.137359619140625,True,False,False,False
82,1,537.0,476.0,173.0,60.0,538.7377777099609,476.2124729156494,171.41629028320312,59.59202194213867,True,False,False,False
82,2,744.0,468.0,51.0,50.0,745.5693969726562,469.79759216308594,51.1002197265625,50.100250244140625,True,False,False,False
83,1,538.0,476.0,173.0,60.0,539.5334320068359,476.28807067871094,171.84414672851562,59.702239990234375,True,False,False,False
83,2,738.0,471.0,51.0,50.0,741.6138801574707,472.6990432739258,51.073143005371094,50.07316589355469,True,False,False,False
84,1,540.0,476.0,173.0,60.0,541.1740570068359,476.27440071105957,172.15640258789062,59.78268051147461,True,False,False,False
84,2,739.0,474.0,50.0,49.0,739.7263679504395,475.66465187072754,50.783226013183594,49.78324508666992,True,False,False,False
85,1,539.0,476.0,173.0,60.0,540.8800506591797,476.22221755981445,172.38430786132812,59.841392517089844,True,False,False,False
85,2,739.0,473.0,50.0,49.0,738.7450675964355,475.7545509338379,50.571632385253906,49.57164764404297,True,False,False,False
86,1,539.0,476.0,173.0,60.0,540.3980178833008,476.16182136535645,172.55064392089844,59.88424301147461,True,False,False,False
86,2,741.0,475.0,50.0,49.0,739.9244556427002,476.7676200866699,50.41720199584961,49.417213439941406,True,False,False,False
87,1,539.0,476.0,173.0,60.0,539.9280166625977,476.1083736419678,172.6720428466797,59.9155158996582,True,False,False,False
87,2,741.0,475.0,51.0,50.0,740.880521774292,477.069543838501,50.574649810791016,49.57465744018555,True,False,False,False
88,1,538.0,476.0,173.0,60.0,538.770622253418,476.06742095947266,172.76063537597656,59.93833923339844,True,False,False,False
88,2,745.0,476.0,51.0,50.0,744.4618606567383,477.57480239868164,50.68955993652344,49.68956756591797,True,False,False,False
89,1,540.0,476.0,173.0,60.0,539.702033996582,476.0391330718994,172.82530212402344,59.95499801635742,True,False,False,False
89,2,746.0,475.0,51.0,50.0,746.8810482025146,476.695161819458,50.7734260559082,49.773433685302734,True,False,False,False
90,1,540.0,476.0,173.0,60.0,540.1641540527344,476.02121353149414,172.87249755859375,59.96715545654297,True,False,False,False
90,2,746.0,473.0,51.0,50.0,747.7309970855713,474.41919708251953,50.83463668823242,49.83464050292969,True,False,False,False
91,1,539.0,476.0,173.0,60.0,539.5476913452148,476.0107955932617,172.9069366455078,59.97602844238281,True,False,False,False
91,2,745.0,473.0,51.0,50.0,746.9580497741699,473.1750888824463,50.879310607910156,49.87931442260742,True,False,False,False
92,1,539.0,476.0,173.0,60.0,539.1794052124023,476.00529861450195,172.9320831298828,59.982505798339844,True,False,False,False
92,2,745.0,471.0,51.0,50.0,746.2353267669678,471.05273818969727,50.91191482543945,49.91191864013672,True,False,False,False
93,1,539.0,477.0,173.0,60.0,538.9902420043945,476.78619956970215,172.95042419433594,59.98723220825195,True,False,False,False
93,2,740.0,468.0,51.0,50.0,741.7631015777588,467.8000259399414,50.93571090698242,49.93571472167969,True,False,False,False
94,1,539.0,477.0,169.0,59.0,537.8879928588867,476.90344047546387,171.88319396972656,59.720523834228516,True,False,False,False
94,2,742.0,464.0,51.0,50.0,741.0841903686523,463.3376979827881,50.95307922363281,49.95308303833008,True,False,False,False
95,1,538.0,477.0,169.0,59.0,536.7361297607422,476.93979263305664,171.10427856445312,59.52587127685547,True,False,False,False
95,2,733.0,462.0,51.0,50.0,733.9363117218018,460.02630615234375,50.965755462646484,49.96575927734375,True,False,False,False
96,1,536.0,475.0,173.0,60.0,535.8733062744141,475.6331024169922,171.61642456054688,59.653961181640625,True,False,False,False
96,2,733.0,461.0,51.0,50.0,730.7300872802734,458.2527599334717,50.975006103515625,49.97500991821289,True,False,False,False
97,1,537.0,476.0,173.0,60.0,536.3820953369141,475.7511558532715,171.99020385742188,59.74744415283203,True,False,False,False
97,2,737.0,469.0,51.0,50.0,732.9789695739746,464.3381595611572,50.98175811767578,49.98176193237305,True,False,False,False
98,1,538.0,476.0,173.0,60.0,537.5532531738281,475.8636169433594,172.26300048828125,59.815673828125,True,False,False,False
98,2,741.0,460.0,51.0,50.0,737.8885536193848,460.81204414367676,50.98668670654297,49.986690521240234,True,False,False,False
99,1,537.0,476.0,173.0,60.0,537.3893051147461,475.94751358032227,172.4621124267578,59.86547088623047,True,False,False,False
99,2,729.0,456.0,51.0,50.0,731.1971187591553,456.0242042541504,50.99028396606445,49.99028778076172,True,False,False,False
100,1,536.0,476.0,173.0,60.0,536.481201171875,475.9998378753662,172.607421875,59.90181350708008,True,False,False,False
100,2,730.0,460.0,51.0,50.0,728.7069149017334,457.13391494750977,50.9929084777832,49.99291229248047,True,False,False,False
101,1,537.0,477.0,169.0,59.0,535.7739639282227,476.5532627105713,171.6328582763672,59.65818405151367,True,False,False,False
101,2,730.0,461.0,51.0,50.0,727.9222660064697,458.97460174560547,50.99482345581055,49.99482727050781,True,False,False,False
102,1,536.0,476.0,169.0,59.0,534.8236389160156,476.06489753723145,170.92156982421875,59.48037338256836,True,False,False,False
102,2,731.0,462.0,52.0,51.0,729.0584621429443,461.2075996398926,51.26637649536133,50.266380310058594,True,False,False,False
103,1,534.0,475.0,173.0,60.0,534.0362319946289,475.29673957824707,171.4830780029297,59.62075424194336,True,False,False,False
103,2,734.0,448.0,52.0,51.0,732.3206939697266,451.3765697479248,51.464569091796875,50.46457290649414,True,False,False,False
104,1,535.0,476.0,173.0,60.0,534.5494079589844,475.7125835418701,171.89288330078125,59.723209381103516,True,False,False,False
104,2,734.0,462.0,52.0,51.0,734.0663013458252,457.52940368652344,51.60921859741211,50.609222412109375,True,False,False,False
105,1,537.0,477.0,169.0,59.0,535.4493255615234,476.4865436553955,171.11135864257812,59.527828216552734,True,False,False,False
105,2,734.0,461.0,52.0,51.0,734.8069725036621,460.2776737213135,51.71479034423828,50.71479415893555,True,False,False,False
106,1,534.0,475.0,173.0,60.0,534.7272338867188,475.5840187072754,171.62158203125,59.65538787841797,True,False,False,False
106,2,732.0,461.0,52.0,51.0,733.3996734619141,461.5984935760498,51.791839599609375,50.79184341430664,True,False,False,False
107,1,535.0,476.0,173.0,60.0,535.1197128295898,475.88262367248535,171.9939727783203,59.74848556518555,True,False,False,False
107,2,734.0,449.0,52.0,51.0,734.0950050354004,452.639986038208,51.84807586669922,50.848079681396484,True,False,False,False
108,1,536.0,477.0,169.0,59.0,535.0634994506836,476.571008682251,171.1851348876953,59.5462760925293,True,False,False,False
108,2,729.0,461.0,52.0,51.0,730.4581508636475,457.52226638793945,51.88911819458008,50.889122009277344,True,False,False,False
109,1,533.0,476.0,173.0,60.0,533.8084030151367,476.39772033691406,171.67543029785156,59.668853759765625,True,False,False,False
109,2,727.0,463.0,53.0,52.0,727.3190822601318,462.12504959106445,52.18922805786133,51.189231872558594,True,False,False,False
110,1,535.0,477.0,169.0,59.0,533.713737487793,476.784912109375,170.95265197753906,59.4881591796875,True,False,False,False
110,2,729.0,463.0,52.0,51.0,727.2767105102539,464.02692222595215,52.13810729980469,51.13811111450195,True,False,False,False
111,1,534.0,476.0,173.0,60.0,534.0919723510742,476.4432830810547,171.50575256347656,59.626434326171875,True,False,False,False
111,2,729.0,463.0,52.0,51.0,727.6064624786377,464.61204528808594,52.10079574584961,51.100799560546875,True,False,False,False
112,1,535.0,477.0,173.0,60.0,535.0844650268555,477.0086975097656,171.90943908691406,59.72735595703125,True,False,False,False
112,2,726.0,464.0,52.0,51.0,725.6766567230225,465.3066921234131,52.07356643676758,51.07356643676758,True,False,False,False
113,1,534.0,477.0,173.0,60.0,534.7520980834961,477.2579097747803,172.2040557861328,59.8010139465332,True,False,False,False
113,2,728.0,461.0,52.0,51.0,726.4925632476807,462.97742652893066,52.05369186401367,51.05369186401367,True,False,False,False
114,1,534.0,477.0,173.0,60.0,534.4938278198242,477.3191661834717,172.41908264160156,59.85477066040039,True,False,False,False
114,2,725.0,464.0,53.0,52.0,725.0501022338867,464.1934127807617,52.30934143066406,51.30934143066406,True,False,False,False
115,1,532.0,477.0,176.0,61.0,533.5129928588867,477.5427665710449,173.38648986816406,60.164161682128906,True,False,False,False
115,2,726.0,462.0,53.0,52.0,725.2462997436523,463.13121795654297,52.49592590332031,51.49592590332031,True,False,False,False
116,1,534.0,477.0,173.0,60.0,533.7048492431641,477.3071594238281,173.28207397460938,60.11981201171875,True,False,False,False
116,2,726.0,462.0,53.0,52.0,725.5069465637207,462.4737739562988,52.632102966308594,51.632102966308594,True,False,False,False
117,1,534.0,477.0,173.0,60.0,533.8335266113281,477.13916969299316,173.20587158203125,60.08744430541992,True,False,False,False
117,2,726.0,463.0,53.0,52.0,725.7350234985352,462.89945220947266,52.73149108886719,51.73149108886719,True,False,False,False
118,1,533.0,477.0,173.0,60.0,533.129035949707,477.03571701049805,173.15025329589844,60.063819885253906,True,False,False,False
118,2,727.0,463.0,53.0,52.0,726.6814804077148,463.11193084716797,52.80403137207031,51.80403137207031,True,False,False,False
119,1,532.0,477.0,176.0,61.0,532.7849884033203,477.2385139465332,173.92013549804688,60.316734313964844,True,False,False,False
119,2,727.0,463.0,53.0,52.0,727.1551322937012,463.18757247924805,52.856971740722656,51.856971740722656,True,False,False,False
120,1,531.0,476.0,180.0,62.0,532.8168792724609,476.77945137023926,175.56265258789062,60.771480560302734,True,False,False,False
120,2,725.0,462.0,53.0,52.0,725.7625827789307,462.40394020080566,52.89561080932617,51.89561080932617,True,False,False,False
121,1,530.0,476.0,180.0,62.0,531.8764266967773,476.4818515777588,176.7614288330078,61.10337448120117,True,False,False,False
121,2,725.0,462.0,54.0,53.0,725.2799072265625,462.2518615722656,53.1939697265625,52.1939697265625,True,False,False,False
122,1,530.0,476.0,180.0,62.0,531.2422485351562,476.2982978820801,177.6363525390625,61.345603942871094,True,False,False,False
122,2,725.0,460.0,54.0,53.0,725.0556125640869,460.60572242736816,53.41172409057617,52.41172409057617,True,False,False,False
123,1,530.0,476.0,180.0,62.0,530.8275756835938,476.1894874572754,178.27490234375,61.52239227294922,True,False,False,False
123,2,725.0,461.0,54.0,53.0,724.9764537811279,460.5972728729248,53.57065200805664,52.57065200805664,True,False,False,False
124,1,532.0,476.0,176.0,61.0,531.1017837524414,475.86982345581055,177.6603240966797,61.381263732910156,True,False,False,False
124,2,726.0,462.0,54.0,53.0,725.7510395050049,461.479585647583,53.686641693115234,52.686641693115234,True,False,False,False
125,1,534.0,477.0,176.0,61.0,532.893196105957,476.52779960632324,177.21177673339844,61.278263092041016,True,False,False,False
125,2,726.0,462.0,54.0,53.0,726.1432819366455,461.97302436828613,53.771297454833984,52.771297454833984,True,False,False,False
126,1,534.0,477.0,176.0,61.0,533.8208541870117,476.8896675109863,176.88441467285156,61.203086853027344,True,False,False,False
126,2,727.0,463.0,54.0,53.0,727.0732650756836,462.98067474365234,53.83308410644531,52.83308410644531,True,False,False,False
127,1,534.0,477.0,176.0,61.0,534.2085723876953,477.0557117462158,176.64547729492188,61.14822006225586,True,False,False,False
127,2,725.0,458.0,55.0,54.0,726.1478176116943,459.75646018981934,54.14833450317383,53.14833450317383,True,False,False,False
128,1,533.0,476.0,176.0,61.0,533.5162811279297,476.32402420043945,176.47109985351562,61.108177185058594,True,False,False,False
128,2,726.0,460.0,55.0,54.0,726.3441162109375,459.6414489746094,54.37841796875,53.37841796875,True,False,False,False
129,1,533.0,477.0,176.0,61.0,533.0967025756836,476.72733879089355,176.3438262939453,61.07895278930664,True,False,False,False
129,2,728.0,462.0,55.0,54.0,727.9516830444336,461.2620162963867,54.54634094238281,53.54634094238281,True,False,False,False
130,1,534.0,476.0,176.0,61.0,533.6676177978516,476.1663475036621,176.25094604492188,61.05762481689453,True,False,False,False
130,2,728.0,462.0,55.0,54.0,728.6605453491211,462.11803436279297,54.66889953613281,53.66889953613281,True,False,False,False
131,1,534.0,477.0,176.0,61.0,533.9652481079102,476.676420211792,176.1831512451172,61.042057037353516,True,False,False,False
131,2,726.0,462.0,55.0,54.0,727.2720108032227,462.47000885009766,54.75834655761719,53.75834655761719,True,False,False,False
132,1,533.0,476.0,176.0,61.0,533.3060913085938,476.17260932922363,176.1336669921875,61.030696868896484,True,False,False,False
132,2,725.0,461.0,55.0,54.0,725.6524543762207,461.7495002746582,54.823631286621094,53.823631286621094,True,False,False,False
133,1,532.0,477.0,176.0,61.0,532.1755294799805,476.70675468444824,176.09754943847656,61.022403717041016,True,False,False,False
133,2,725.0,461.0,55.0,54.0,724.8432922363281,461.2996520996094,54.87127685546875,53.87127685546875,True,False,False,False
134,1,532.0,477.0,176.0,61.0,531.6580047607422,476.99130630493164,176.07119750976562,61.01634979248047,True,False,False,False
134,2,726.0,461.0,55.0,54.0,725.3235244750977,461.05420684814453,54.90605163574219,53.90605163574219,True,False,False,False
135,1,534.0,477.0,173.0,60.0,532.3036880493164,476.85570526123047,175.2415008544922,60.74177551269531,True,False,False,False
135,2,725.0,461.0,55.0,54.0,724.8857860565186,460.9438304901123,54.93143081665039,53.93143081665039,True,False,False,False
136,1,533.0,477.0,176.0,61.0,532.80859375,477.0508975982666,175.4464111328125,60.8115348815918,True,False,False,False
136,2,725.0,462.0,55.0,54.0,724.7277812957764,461.695463180542,54.949954986572266,53.949954986572266,True,False,False,False
137,1,535.0,477.0,173.0,60.0,533.8831939697266,476.87475204467773,174.78549194335938,60.59229278564453,True,False,False,False
137,2,725.0,462.0,55.0,54.0,724.7192516326904,462.0773754119873,54.96347427368164,53.96347427368164,True,False,False,False
138,1,535.0,477.0,173.0,60.0,534.4842987060547,476.79908752441406,174.30313110351562,60.432281494140625,True,False,False,False
138,2,725.0,462.0,55.0,54.0,724.7749862670898,462.2242660522461,54.97334289550781,53.97334289550781,True,False,False,False
139,1,535.0,477.0,173.0,60.0,534.7842864990234,476.78869247436523,173.95108032226562,60.31549835205078,True,False,False,False
139,2,726.0,461.0,55.0,54.0,725.6295394897461,461.45787811279297,54.98054504394531,53.98054504394531,True,False,False,False
140,1,535.0,477.0,173.0,60.0,534.9117202758789,476.81330490112305,173.6941375732422,60.230262756347656,True,False,False,False
140,2,726.0,459.0,55.0,54.0,726.0669746398926,459.4743537902832,54.985801696777344,53.985801696777344,True,False,False,False
141,1,534.0,477.0,173.0,60.0,534.1683883666992,476.8514881134033,173.50660705566406,60.16805648803711,True,False,False,False
141,2,725.0,458.0,56.0,55.0,725.7115955352783,458.0139331817627,55.25979232788086,54.25979232788086,True,False,False,False
142,1,533.0,477.0,173.0,60.0,533.0134887695312,476.89042472839355,173.3697509765625,60.12265396118164,True,False,False,False
142,2,724.0,460.0,56.0,55.0,724.6657485961914,458.99585723876953,55.45976257324219,54.45976257324219,True,False,False,False
143,1,533.0,477.0,173.0,60.0,532.5066070556641,476.9237461090088,173.26986694335938,60.08951950073242,True,False,False,False
143,2,724.0,460.0,56.0,55.0,724.112548828125,459.6410217285156,55.605712890625,54.605712890625,True,False,False,False
144,1,534.0,477.0,173.0,60.0,533.1652526855469,476.9493885040283,173.19696044921875,60.06533432006836,True,False,False,False
144,2,724.0,460.0,56.0,55.0,723.8740482330322,460.00493812561035,55.71223068237305,54.71223068237305,True,False,False,False
145,1,534.0,477.0,173.0,60.0,533.6056137084961,476.96761322021484,173.1437530517578,60.04768371582031,True,False,False,False
145,2,726.0,459.0,56.0,55.0,725.379487991333,459.38708686828613,55.789974212646484,54.789974212646484,True,False,False,False
146,1,534.0,477.0,173.0,60.0,533.8658142089844,476.9797611236572,173.10491943359375,60.0348014831543,True,False,False,False
146,2,725.0,459.0,56.0,55.0,725.3681468963623,459.0565013885498,55.84671401977539,54.84671401977539,True,False,False,False
147,1,534.0,477.0,173.0,60.0,533.9983367919922,476.98745346069336,173.07656860351562,60.02539825439453,True,False,False,False
147,2,725.0,460.0,56.0,55.0,725.2947673797607,459.6959819793701,55.888126373291016,54.888126373291016,True,False,False,False
148,1,534.0,477.0,173.0,60.0,534.0511016845703,476.9921054840088,173.05587768554688,60.01853561401367,True,False,False,False
148,2,725.0,461.0,56.0,55.0,725.208366394043,460.8168258666992,55.91835021972656,54.91835021972656,True,False,False,False
149,1,533.0,477.0,173.0,60.0,533.2767868041992,476.9948539733887,173.04078674316406,60.013526916503906,True,False,False,False
149,2,724.0,460.0,56.0,55.0,724.3493156433105,460.5475273132324,55.940406799316406,54.940406799316406,True,False,False,False
150,1,533.0,477.0,173.0,60.0,532.8914260864258,476.9964370727539,173.02976989746094,60.00987243652344,True,False,False,False
150,2,724.0,460.0,56.0,55.0,723.9178657531738,460.3241767883301,55.956504821777344,54.956504821777344,True,False,False,False
151,1,534.0,477.0,173.0,60.0,533.5332641601562,476.99740409851074,173.021728515625,60.007205963134766,True,False,False,False
151,2,725.0,461.0,56.0,55.0,724.5382118225098,460.9488868713379,55.96825408935547,54.96825408935547,True,False,False,False
152,1,534.0,477.0,173.0,60.0,533.8989334106445,476.998010635376,173.01585388183594,60.0052604675293,True,False,False,False
152,2,724.0,461.0,56.0,55.0,724.112720489502,461.2243843078613,55.976829528808594,54.976829528808594,True,False,False,False
153,1,533.0,477.0,173.0,60.0,533.2897491455078,476.9984474182129,173.01156616210938,60.00383758544922,True,False,False,False
153,2,723.0,461.0,56.0,55.0,723.1275959014893,461.2955951690674,55.983089447021484,54.983089447021484,True,False,False,False
154,1,532.0,477.0,173.0,60.0,532.1892013549805,476.99875259399414,173.00843811035156,60.00279998779297,True,False,False,False
154,2,723.0,462.0,56.0,55.0,722.6865291595459,462.0492000579834,55.9876594543457,54.9876594543457,True,False,False,False
155,1,532.0,477.0,173.0,60.0,531.6856384277344,476.99900817871094,173.00616455078125,60.002044677734375,True,False,False,False
155,2,724.0,462.0,55.0,54.0,723.0922794342041,462.1009159088135,55.7208366394043,54.7208366394043,True,False,False,False
156,1,533.0,477.0,173.0,60.0,532.3210525512695,476.99922370910645,173.00450134277344,60.00149154663086,True,False,False,False
156,2,723.0,461.0,54.0,53.0,722.3767280578613,461.0288276672363,55.255943298339844,54.255943298339844,True,False,False,False
157,1,533.0,477.0,173.0,60.0,532.7283401489258,476.9994258880615,173.00328063964844,60.0010871887207,True,False,False,False
157,2,723.0,462.0,54.0,53.0,722.1455001831055,461.2967758178711,54.91664123535156,53.91664123535156,True,False,False,False
158,1,534.0,477.0,173.0,60.0,533.7393417358398,476.99957275390625,173.0023956298828,60.00079345703125,True,False,False,False
158,2,724.0,461.0,54.0,53.0,722.9651184082031,460.72882080078125,54.66900634765625,53.66900634765625,True,False,False,False
159,1,534.0,478.0,173.0,60.0,534.2192764282227,477.78321838378906,173.0017547607422,60.000579833984375,True,False,False,False
159,2,725.0,462.0,54.0,53.0,724.2763729095459,461.2978572845459,54.4882698059082,53.4882698059082,True,False,False,False
160,1,534.0,478.0,173.0,60.0,534.3766174316406,478.158296585083,173.00128173828125,60.000423431396484,True,False,False,False
160,2,725.0,461.0,54.0,53.0,724.9559135437012,460.87629318237305,54.356361389160156,53.356361389160156,True,False,False,False
161,1,534.0,478.0,173.0,60.0,534.3655624389648,478.2839946746826,173.0009307861328,60.000308990478516,True,False,False,False
161,2,725.0,461.0,54.0,53.0,725.2353115081787,460.7076015472412,54.26008987426758,53.26008987426758,True,False,False,False
162,1,534.0,478.0,173.0,60.0,534.2857894897461,478.27869606018066,173.0006866455078,60.00022506713867,True,False,False,False
162,2,724.0,461.0,54.0,53.0,724.5094585418701,460.6845989227295,54.189823150634766,53.189823150634766,True,False,False,False
163,1,534.0,478.0,173.0,60.0,534.1934127807617,478.2191867828369,173.00050354003906,60.00016403198242,True,False,False,False
163,2,723.0,460.0,54.0,53.0,723.3064002990723,459.94748306274414,54.13854217529297,53.13854217529297,True,False,False,False
164,1,534.0,478.0,173.0,60.0,534.1146850585938,478.14908027648926,173.0003662109375,60.000118255615234,True,False,False,False
164,2,722.0,460.0,54.0,53.0,721.9460868835449,459.6409721374512,54.101112365722656,53.101112365722656,True,False,False,False
165,1,533.0,478.0,173.0,60.0,533.2743377685547,478.0888843536377,173.00027465820312,60.00008773803711,True,False,False,False
165,2,723.0,461.0,54.0,53.0,722.1621990203857,460.3643169403076,54.073795318603516,53.073795318603516,True,False,False,False
166,1,535.0,478.0,173.0,60.0,534.4305038452148,478.0451946258545,173.0001983642578,60.000064849853516,True,False,False,False
166,2,724.0,461.0,54.0,53.0,723.2055530548096,460.7966480255127,54.05385971069336,53.05385971069336,True,False,False,False
167,1,534.0,478.0,173.0,60.0,534.2517013549805,478.01749420166016,173.00013732910156,60.00004577636719,True,False,False,False
167,2,723.0,460.0,54.0,53.0,723.0229473114014,460.23483085632324,54.039310455322266,53.039310455322266,True,False,False,False
168,1,532.0,478.0,176.0,61.0,533.3275680541992,478.2588863372803,173.81056213378906,60.27019119262695,True,False,False,False
168,2,718.0,468.0,54.0,53.0,719.0217876434326,466.215970993042,54.028690338134766,53.028690338134766,True,False,False,False
169,1,532.0,478.0,176.0,61.0,532.7650985717773,478.3409080505371,174.4020538330078,60.46735382080078,True,False,False,False
169,2,720.0,464.0,54.0,53.0,718.6896648406982,465.9702739715576,54.020938873291016,53.020938873291016,True,False,False,False
170,1,531.0,478.0,176.0,61.0,531.6601486206055,478.32984161376953,174.83375549316406,60.61125183105469,True,False,False,False
170,2,718.0,461.0,54.0,53.0,717.250659942627,463.11040115356445,54.015281677246094,53.015281677246094,True,False,False,False
171,1,531.0,478.0,176.0,61.0,531.111686706543,478.2751941680908,175.14881896972656,60.71627426147461,True,False,False,False
171,2,718.0,461.0,54.0,53.0,716.7967910766602,461.46976470947266,54.01115417480469,53.01115417480469,True,False,False,False
172,1,531.0,478.0,176.0,61.0,530.8963088989258,478.20858001708984,175.37876892089844,60.79292297363281,True,False,False,False
172,2,719.0,461.0,54.0,53.0,717.6354560852051,460.68059158325195,54.008140563964844,53.008140563964844,True,False,False,False
173,1,531.0,478.0,176.0,61.0,530.8551177978516,478.1471004486084,175.54660034179688,60.8488655090332,True,False,False,False
173,2,720.0,460.0,54.0,53.0,719.052755355835,459.62938499450684,54.00593948364258,53.00593948364258,True,False,False,False
174,1,531.0,478.0,176.0,61.0,530.8882369995117,478.0978469848633,175.66908264160156,60.88969421386719,True,False,False,False
174,2,721.0,462.0,54.0,53.0,720.6284484863281,460.8288269042969,54.00433349609375,53.00433349609375,True,False,False,False
175,1,531.0,478.0,176.0,61.0,530.9402770996094,478.06201171875,175.75848388671875,60.91949462890625,True,False,False,False
175,2,720.0,462.0,54.0,53.0,720.5858211517334,461.5751705169678,54.0031623840332,53.0031623840332,True,False,False,False
176,1,532.0,478.0,176.0,61.0,531.7691040039062,478.03783226013184,175.82373046875,60.94124221801758,True,False,False,False
176,2,721.0,461.0,54.0,53.0,721.2308406829834,461.193639755249,54.0023078918457,53.0023078918457,True,False,False,False
177,1,531.0,478.0,176.0,61.0,531.3906784057617,478.0225715637207,175.87135314941406,60.957115173339844,True,False,False,False
177,2,721.0,461.0,54.0,53.0,721.4554557800293,460.9928092956543,54.001686096191406,53.001686096191406,True,False,False,False
178,1,531.0,478.0,176.0,61.0,531.1566848754883,478.0134525299072,175.90611267089844,60.96870040893555,True,False,False,False
178,2,723.0,461.0,54.0,53.0,723.0236148834229,460.9094486236572,54.0012321472168,53.0012321472168,True,False,False,False
179,1,531.0,478.0,176.0,61.0,531.0300521850586,478.0082778930664,175.9314727783203,60.97715759277344,True,False,False,False
179,2,723.0,462.0,54.0,53.0,723.6802749633789,461.6763687133789,54.00090026855469,53.00090026855469,True,False,False,False
180,1,530.0,478.0,176.0,61.0,530.1900482177734,478.0054359436035,175.94998168945312,60.98332977294922,True,False,False,False
180,2,722.0,462.0,54.0,53.0,723.0340347290039,462.06632232666016,54.00065612792969,53.00065612792969,True,False,False,False
181,1,530.0,479.0,176.0,61.0,529.7989501953125,478.7873935699463,175.9635009765625,60.98783493041992,True,False,False,False
181,2,720.0,463.0,54.0,53.0,720.9819374084473,463.00070571899414,54.00048065185547,53.00048065185547,True,False,False,False
182,1,530.0,479.0,176.0,61.0,529.6768951416016,479.16151237487793,175.97335815429688,60.99112319946289,True,False,False,False
182,2,723.0,457.0,54.0,53.0,722.2650833129883,458.6935806274414,54.00035095214844,53.00035095214844,True,False,False,False
183,1,530.0,479.0,176.0,61.0,529.6930084228516,479.286563873291,175.98056030273438,60.99352264404297,True,False,False,False
183,2,723.0,456.0,54.0,53.0,722.9573307037354,455.7451419830322,54.0002555847168,53.0002555847168,True,False,False,False
184,1,531.0,479.0,176.0,61.0,530.5472564697266,479.28077507019043,175.98580932617188,60.99527359008789,True,False,False,False
184,2,723.0,459.0,54.0,53.0,723.2581462860107,456.904203414917,54.000186920166016,53.000186920166016,True,False,False,False
185,1,532.0,479.0,176.0,61.0,531.7848434448242,479.2208709716797,175.98963928222656,60.996551513671875,True,False,False,False
185,2,723.0,462.0,54.0,53.0,723.3320236206055,460.1742172241211,54.00013732910156,53.00013732910156,True,False,False,False
186,1,536.0,480.0,173.0,60.0,534.7155914306641,479.67723083496094,175.18197631835938,60.727325439453125,True,False,False,False
186,2,732.0,466.0,54.0,53.0,730.3466911315918,465.06281661987305,54.000099182128906,53.000099182128906,True,False,False,False
187,1,537.0,480.0,173.0,60.0,536.8996124267578,479.902795791626,174.59249877929688,60.53083419799805,True,False,False,False
187,2,731.0,470.0,54.0,53.0,732.862024307251,470.4517765045166,54.00007247924805,53.00007247924805,True,False,False,False
188,1,537.0,480.0,173.0,60.0,537.7688980102539,479.99366569519043,174.1622772216797,60.38742446899414,True,False,False,False
188,2,731.0,470.0,54.0,53.0,733.5406837463379,472.63241958618164,54.00005340576172,53.00005340576172,True,False,False,False
189,1,537.0,480.0,173.0,60.0,537.9245529174805,480.0156021118164,173.84828186035156,60.28276062011719,True,False,False,False
189,2,729.0,470.0,54.0,53.0,731.7381401062012,473.0116996765137,54.000038146972656,53.000038146972656,True,False,False,False
190,1,537.0,480.0,173.0,60.0,537.7615509033203,480.00872230529785,173.61911010742188,60.20637130737305,True,False,False,False
190,2,726.0,467.0,54.0,53.0,728.0647449493408,470.2025318145752,54.00002670288086,53.00002670288086,True,False,False,False
191,1,537.0,479.0,173.0,60.0,537.5080184936523,479.21106719970703,173.4518585205078,60.15061950683594,True,False,False,False
191,2,727.0,467.0,54.0,53.0,726.8744411468506,468.35964012145996,54.00001907348633,53.00001907348633,True,False,False,False
192,1,537.0,479.0,173.0,60.0,537.2761459350586,478.82433891296387,173.3297882080078,60.109928131103516,True,False,False,False
192,2,728.0,466.0,54.0,53.0,727.1815719604492,466.51940155029297,54.00001525878906,53.00001525878906,True,False,False,False
193,1,536.0,479.0,173.0,60.0,536.3229522705078,478.6922149658203,173.24069213867188,60.080230712890625,True,False,False,False
193,2,725.0,467.0,54.0,53.0,725.1287174224854,466.41985511779785,54.0000114440918,53.0000114440918,True,False,False,False
194,1,536.0,479.0,173.0,60.0,535.8434982299805,478.6960639953613,173.17567443847656,60.058555603027344,True,False,False,False
194,2,726.0,465.0,54.0,53.0,725.0197715759277,464.929988861084,54.00000762939453,53.00000762939453,True,False,False,False
195,1,536.0,479.0,173.0,60.0,535.6653213500977,478.7574100494385,173.1282196044922,60.0427360534668,True,False,False,False
195,2,726.0,463.0,53.0,52.0,724.9184608459473,462.4920997619629,53.72985076904297,52.72985076904297,True,False,False,False
196,1,535.0,479.0,173.0,60.0,534.8695907592773,478.8311767578125,173.0935821533203,60.03118896484375,True,False,False,False
196,2,723.0,462.0,53.0,52.0,722.7139472961426,460.7510566711426,53.532676696777344,52.532676696777344,True,False,False,False
197,1,536.0,480.0,169.0,59.0,534.3131713867188,479.4224033355713,171.9876708984375,59.75260543823242,True,False,False,False
197,2,722.0,461.0,54.0,53.0,721.291446685791,459.72192764282227,53.65892791748047,52.65892791748047,True,False,False,False
198,1,536.0,479.0,169.0,59.0,534.2883377075195,478.97251892089844,171.18052673339844,59.549285888671875,True,False,False,False
198,2,721.0,460.0,54.0,53.0,720.0689830780029,458.7823314666748,53.75107192993164,52.75107192993164,True,False,False,False
199,1,535.0,479.0,169.0,59.0,533.7462692260742,478.76329803466797,170.59144592285156,59.40089416503906,True,False,False,False
199,2,719.0,464.0,54.0,53.0,718.1887397766113,461.7815132141113,53.818321228027344,52.818321228027344,True,False,False,False
200,1,534.0,479.0,169.0,59.0,532.918815612793,478.7053279876709,170.16151428222656,59.2925910949707,True,False,False,False
200,2,719.0,464.0,54.0,53.0,717.5705108642578,463.51075744628906,53.867401123046875,52.867401123046875,True,False,False,False
201,1,533.0,479.0,169.0,59.0,531.9552307128906,478.7280044555664,169.84771728515625,59.21354675292969,True,False,False,False
201,2,720.0,464.0,53.0,52.0,718.1361637115479,464.09014320373535,53.6330680847168,52.6330680847168,True,False,False,False
202,1,534.0,479.0,169.0,59.0,532.5080947875977,478.7836742401123,169.6186981201172,59.15585708618164,True,False,False,False
202,2,718.0,465.0,53.0,52.0,717.1616802215576,465.07064628601074,53.462039947509766,52.462039947509766,True,False,False,False
203,1,534.0,479.0,169.0,59.0,533.0195236206055,478.84449195861816,169.45155334472656,59.11375045776367,True,False,False,False
203,2,720.0,466.0,53.0,52.0,718.4686603546143,466.23217964172363,53.337215423583984,52.337215423583984,True,False,False,False
204,1,534.0,479.0,169.0,59.0,533.4160308837891,478.89690589904785,169.32955932617188,59.0830192565918,True,False,False,False
204,2,719.0,465.0,53.0,52.0,718.5356349945068,465.8755702972412,53.24611282348633,52.24611282348633,True,False,False,False
205,1,534.0,479.0,169.0,59.0,533.6882095336914,478.9363784790039,169.2405242919922,59.06059265136719,True,False,False,False
205,2,719.0,464.0,53.0,52.0,718.648042678833,464.7505512237549,53.179622650146484,52.179622650146484,True,False,False,False
206,1,534.0,479.0,169.0,59.0,533.8560104370117,478.96330070495605,169.17555236816406,59.04422378540039,True,False,False,False
206,2,719.0,464.0,53.0,52.0,718.7595252990723,464.1135597229004,53.13109588623047,52.13109588623047,True,False,False,False
207,1,534.0,479.0,169.0,59.0,533.9483871459961,478.9801998138428,169.1281280517578,59.03227615356445,True,False,False,False
207,2,720.0,464.0,53.0,52.0,719.6334953308105,463.81550216674805,53.095680236816406,52.095680236816406,True,False,False,False
208,1,534.0,479.0,169.0,59.0,533.9921264648438,478.98990058898926,169.093505859375,59.023555755615234,True,False,False,False
208,2,721.0,464.0,53.0,52.0,720.8565635681152,463.72329330444336,53.06983184814453,52.06983184814453,True,False,False,False
209,1,534.0,479.0,169.0,59.0,534.0079345703125,478.99500465393066,169.0682373046875,59.01719284057617,True,False,False,False
209,2,721.0,464.0,53.0,52.0,721.3988933563232,463.73803520202637,53.050968170166016,52.050968170166016,True,False,False,False
210,1,534.0,478.0,169.0,59.0,534.0098266601562,478.21388053894043,169.0498046875,59.01254653930664,True,False,False,False
210,2,722.0,465.0,53.0,52.0,722.3269214630127,464.5792407989502,53.03719711303711,52.03719711303711,True,False,False,False
211,1,535.0,479.0,169.0,59.0,534.7898712158203,478.62335205078125,169.03634643554688,59.0091552734375,True,False,False,False
211,2,722.0,466.0,53.0,52.0,722.6495723724365,465.8024044036865,53.02714920043945,52.02714920043945,True,False,False,False
212,1,534.0,479.0,169.0,59.0,534.3768768310547,478.87306213378906,169.02651977539062,59.006683349609375,True,False,False,False
212,2,723.0,463.0,53.0,52.0,723.4346122741699,464.0071830749512,53.019813537597656,52.019813537597656,True,False,False,False
213,1,535.0,478.0,169.0,59.0,534.9076232910156,478.2206439971924,169.01934814453125,59.004878997802734,True,False,False,False
213,2,722.0,464.0,53.0,52.0,722.8920001983643,463.82556343078613,53.014461517333984,52.014461517333984,True,False,False,False
214,1,535.0,478.0,169.0,59.0,535.1495590209961,477.8998622894287,169.0141143798828,59.00355911254883,True,False,False,False
214,2,723.0,462.0,53.0,52.0,723.262788772583,462.21704292297363,53.010555267333984,52.010555267333984,True,False,False,False
215,1,535.0,478.0,169.0,59.0,535.2203140258789,477.78492546081543,169.0102996826172,59.00259780883789,True,False,False,False
215,2,723.0,462.0,53.0,52.0,723.3648014068604,461.4934024810791,53.0077018737793,52.0077018737793,True,False,False,False
216,1,537.0,478.0,169.0,59.0,536.7715072631836,477.78051567077637,169.0075225830078,59.001895904541016,True,False,False,False
216,2,724.0,462.0,53.0,52.0,724.116024017334,461.2918357849121,53.00562286376953,52.00562286376953,True,False,False,False
217,1,537.0,477.0,173.0,60.0,538.4991760253906,477.2968158721924,170.08612060546875,59.271541595458984,True,False,False,False
217,2,721.0,462.0,53.0,52.0,722.0583114624023,461.3519821166992,53.00410461425781,52.00410461425781,True,False,False,False
218,1,538.0,477.0,173.0,60.0,539.8367767333984,477.06505584716797,170.87332153320312,59.46833801269531,True,False,False,False
218,2,722.0,462.0,53.0,52.0,721.7561321258545,461.5102825164795,53.002994537353516,52.002994537353516,True,False,False,False
219,1,537.0,477.0,173.0,60.0,539.3374710083008,476.97825622558594,171.44786071777344,59.611968994140625,True,False,False,False
219,2,721.0,461.0,53.0,52.0,720.8951473236084,460.89398765563965,53.0021858215332,52.0021858215332,True,False,False,False
220,1,538.0,477.0,173.0,60.0,539.5011596679688,476.96380615234375,171.8671875,59.716796875,True,False,False,False
220,2,721.0,461.0,53.0,52.0,720.5533409118652,460.65566635131836,53.00159454345703,52.00159454345703,True,False,False,False
221,1,536.0,477.0,173.0,60.0,537.7466430664062,476.9780731201172,172.1732177734375,59.793304443359375,True,False,False,False
221,2,717.0,458.0,53.0,52.0,717.3667278289795,458.2752056121826,53.001163482666016,52.001163482666016,True,False,False,False
222,1,537.0,476.0,173.0,60.0,537.4690093994141,476.21452713012695,172.39657592773438,59.849143981933594,True,False,False,False
222,2,711.0,456.0,53.0,52.0,711.2458515167236,455.647310256958,53.000850677490234,52.000850677490234,True,False,False,False
223,1,538.0,474.0,173.0,60.0,538.0666351318359,474.28820419311523,172.55960083007812,59.88990020751953,True,False,False,False
223,2,706.0,453.0,53.0,52.0,704.6954898834229,452.2605228424072,53.0006217956543,52.0006217956543,True,False,False,False
224,1,539.0,474.0,173.0,60.0,539.108772277832,473.42137336730957,172.67857360839844,59.91964340209961,True,False,False,False
224,2,707.0,454.0,53.0,52.0,702.9835376739502,451.7671070098877,53.00045394897461,52.00045394897461,True,False,False,False
225,1,540.0,474.0,173.0,60.0,540.3242645263672,473.17821884155273,172.76541137695312,59.94135284423828,True,False,False,False
225,2,706.0,453.0,53.0,52.0,702.3026905059814,451.2340564727783,53.00033187866211,52.00033187866211,True,False,False,False
226,1,539.0,472.0,173.0,60.0,539.9976577758789,471.68003273010254,172.8287811279297,59.95719528198242,True,False,False,False
226,2,706.0,453.0,53.0,52.0,702.7749042510986,451.37185859680176,53.000240325927734,52.000240325927734,True,False,False,False
227,1,540.0,472.0,173.0,60.0,540.4462738037109,471.1156883239746,172.87503051757812,59.96875762939453,True,False,False,False
227,2,700.0,451.0,53.0,52.0,698.9353370666504,450.19736099243164,53.00017547607422,52.00017547607422,True,False,False,False
228,1,539.0,472.0,173.0,60.0,539.7660598754883,471.06065559387207,172.90879821777344,59.97719955444336,True,False,False,False
228,2,697.0,450.0,53.0,52.0,695.183650970459,449.0832176208496,53.00012969970703,52.00012969970703,True,False,False,False
